{"cameraMode":{"drawMode":0,"name":"Shaded","section":"Shading Mode"},"sceneLighting":true,"audioPlay":false,"sceneViewState":{"showFog":true,"showMaterialUpdate":false,"showSkybox":true,"showFlares":true,"showImageEffects":true,"showParticleSystems":true},"in2DMode":false,"pivot":{"x":551.7208251953125,"y":1224.56103515625,"z":-460.1213684082031},"rotation":{"x":0.022799069061875345,"y":0.028485191985964776,"z":-0.0006479017902165651,"w":0.9993529319763184},"size":755.4791870117188,"orthographic":false}